rang,pseudo,statut,vervox,socialcal,verifie_le
1,m7ii,PRIS,taken,taken,21/08/2026 12:12:40
2,m7ia,CONTRADICTION,available,taken,21/08/2026 11:54:34
3,m7ie,PRIS,taken,taken,21/08/2026 12:13:02
4,m7io,PRIS,taken,taken,21/08/2026 12:13:22
5,m7iu,PRIS,taken,taken,21/08/2026 12:13:44
6,m7iy,DISPONIBLE (2 sources),available,available,21/08/2026 11:54:40
7,m7iq,PRIS,taken,taken,21/08/2026 12:14:04
8,m7ix,PRIS,taken,taken,21/08/2026 12:14:25
9,m7iv,DISPONIBLE (2 sources),available,available,21/08/2026 11:54:53
10,m7iz,PRIS,taken,taken,21/08/2026 12:15:28
11,m7ik,PRIS,taken,taken,21/08/2026 12:16:10
12,m7ir,DISPONIBLE (2 sources),available,available,21/08/2026 11:54:59
13,m7it,PRIS,taken,taken,21/08/2026 12:18:16
14,m7in,PRIS,taken,taken,21/08/2026 12:19:19
15,m7ih,PRIS,taken,taken,21/08/2026 12:20:01
16,m7ij,PRIS,taken,taken,21/08/2026 12:20:22
17,m7is,PRIS,taken,taken,21/08/2026 12:20:42
18,m7iw,PRIS,taken,taken,21/08/2026 12:21:03
19,m7ai,PRIS,taken,taken,21/08/2026 12:21:24
20,m7aa,PRIS,taken,—,24/08/2026 00:18:16
21,m7ae,CONTRADICTION,available,taken,21/08/2026 11:55:19
22,m7ao,PRIS,taken,taken,21/08/2026 12:22:48
23,m7au,PRIS,taken,—,24/08/2026 00:20:20
24,m7ay,PRIS,taken,taken,23/08/2026 22:41:24
25,m7aq,PRIS,taken,taken,23/08/2026 22:42:25
26,m7ax,PRIS,taken,—,24/08/2026 00:22:22
27,m7av,DISPONIBLE (2 sources),available,available,21/08/2026 11:56:05
28,m7az,PRIS,taken,taken,24/08/2026 00:24:24
29,m7ak,PRIS,taken,taken,23/08/2026 22:45:28
30,m7ar,PRIS,taken,taken,23/08/2026 22:46:29
31,m7at,CONTRADICTION,available,taken,21/08/2026 11:56:24
32,m7an,PRIS,taken,taken,23/08/2026 22:47:30
33,m7ah,DISPONIBLE (2 sources),available,available,21/08/2026 11:56:31
34,m7aj,PRIS,taken,taken,23/08/2026 22:48:31
35,m7as,PRIS,taken,—,24/08/2026 00:26:28
36,m7aw,PRIS,taken,—,24/08/2026 00:28:30
37,m7ei,CONTRADICTION,available,taken,21/08/2026 11:57:04
38,m7ea,CONTRADICTION,available,taken,21/08/2026 11:57:17
39,m7ee,PRIS,—,taken,21/08/2026 12:53:15
40,m7eo,PRIS,—,taken,21/08/2026 12:53:38
41,m7eu,PRIS,—,taken,21/08/2026 12:54:40
42,m7ey,PRIS,—,taken,21/08/2026 12:55:02
43,m7eq,PRIS,—,taken,21/08/2026 12:55:23
44,m7ex,PRIS,—,taken,21/08/2026 12:55:45
45,m7ev,PRIS,—,taken,21/08/2026 12:56:47
46,m7ez,PRIS,—,taken,21/08/2026 12:57:50
47,m7ek,PRIS,—,taken,21/08/2026 12:58:11
48,m7er,PRIS,—,taken,21/08/2026 12:58:52
49,m7et,PRIS,—,taken,21/08/2026 12:59:55
50,m7en,DISPONIBLE (2 sources),available,available,22/08/2026 07:36:48
51,m7eh,INDÉTERMINÉ,—,—,21/08/2026 17:13:35
52,m7ej,PRIS,—,taken,21/08/2026 13:02:00
53,m7es,PRIS,—,taken,21/08/2026 13:02:20
54,m7ew,PRIS,—,taken,21/08/2026 13:02:41
55,m7oi,DISPONIBLE (2 sources),available,available,22/08/2026 07:45:01
56,m7oa,PRIS,—,taken,21/08/2026 13:03:23
57,m7oe,PRIS,—,taken,21/08/2026 13:04:05
58,m7oo,PRIS,—,taken,21/08/2026 13:04:26
59,m7ou,PRIS,—,taken,21/08/2026 13:05:08
60,m7oy,PRIS,—,taken,21/08/2026 13:05:50
61,m7oq,PRIS,—,taken,21/08/2026 13:06:11
62,m7ox,PRIS,—,taken,21/08/2026 13:07:13
63,m7ov,PRIS,—,taken,21/08/2026 13:08:16
64,m7oz,PRIS,—,taken,21/08/2026 13:08:58
65,m7ok,PRIS,—,taken,21/08/2026 13:09:19
66,m7or,PRIS,—,taken,21/08/2026 13:10:22
67,m7ot,PRIS,—,taken,21/08/2026 13:10:43
68,m7on,PRIS,—,taken,21/08/2026 13:11:03
69,m7oh,PRIS,—,taken,21/08/2026 13:11:45
70,m7oj,PRIS,—,taken,21/08/2026 13:12:06
71,m7os,DISPONIBLE (2 sources),available,available,22/08/2026 07:53:12
72,m7ow,DISPONIBLE (2 sources),available,available,22/08/2026 08:01:19
73,m7ui,PRIS,—,taken,21/08/2026 13:13:30
74,m7ua,PRIS,—,taken,21/08/2026 13:14:12
75,m7ue,INDÉTERMINÉ,—,—,21/08/2026 17:16:38
76,m7uo,DISPONIBLE (2 sources),available,available,22/08/2026 08:09:28
77,m7uu,PRIS,—,taken,21/08/2026 13:16:17
78,m7uy,PRIS,—,taken,21/08/2026 13:17:20
79,m7uq,PRIS,—,taken,21/08/2026 13:17:40
80,m7ux,DISPONIBLE (2 sources),available,available,22/08/2026 08:17:39
81,m7uv,PRIS,—,taken,21/08/2026 13:18:43
82,m7uz,DISPONIBLE (2 sources),available,available,22/08/2026 08:25:46
83,m7uk,PRIS,—,taken,21/08/2026 13:19:46
84,m7ur,DISPONIBLE (2 sources),available,available,22/08/2026 08:33:53
85,m7ut,PRIS,—,taken,21/08/2026 13:21:30
86,m7un,PRIS,—,taken,21/08/2026 13:21:51
87,m7uh,INDÉTERMINÉ,—,—,21/08/2026 17:19:43
88,m7uj,PRIS,—,taken,21/08/2026 13:23:15
89,m7us,PRIS,—,taken,21/08/2026 13:24:19
90,m7uw,PRIS,—,taken,21/08/2026 13:24:40
91,m7yi,DISPONIBLE (2 sources),available,available,22/08/2026 08:42:07
92,m7ya,INDÉTERMINÉ,—,—,21/08/2026 17:22:46
93,m7ye,DISPONIBLE (2 sources),available,available,22/08/2026 08:50:14
94,m7yo,INDÉTERMINÉ,—,—,21/08/2026 17:27:51
95,m7yu,DISPONIBLE (2 sources),available,available,22/08/2026 09:15:04
96,m7yy,INDÉTERMINÉ,—,—,21/08/2026 17:30:54
97,m7yq,DISPONIBLE (2 sources),available,available,22/08/2026 09:23:14
98,m7yx,PRIS,—,taken,21/08/2026 13:30:58
99,m7yv,DISPONIBLE (2 sources),available,available,22/08/2026 09:31:21
100,m7yz,PRIS,—,taken,21/08/2026 13:32:01
101,m7yk,PRIS,—,taken,21/08/2026 13:32:43
102,m7yr,PRIS,—,taken,21/08/2026 13:33:04
103,m7yt,PRIS,—,taken,21/08/2026 13:33:24
104,m7yn,PRIS,—,taken,21/08/2026 17:33:58
105,m7yh,PRIS,—,taken,21/08/2026 13:35:09
106,m7yj,DISPONIBLE (2 sources),available,available,22/08/2026 09:39:28
107,m7ys,PRIS,—,taken,21/08/2026 13:36:11
108,m7yw,INDÉTERMINÉ,—,—,21/08/2026 17:37:02
109,m7qi,PRIS,—,taken,21/08/2026 13:37:34
110,m7qa,PRIS,—,taken,21/08/2026 13:37:55
111,m7qe,PRIS,—,taken,21/08/2026 13:38:58
112,m7qo,PRIS,—,taken,21/08/2026 17:40:06
113,m7qu,PRIS,—,taken,21/08/2026 13:40:21
114,m7qy,PRIS,—,taken,21/08/2026 13:40:43
115,m7qq,PRIS,—,taken,21/08/2026 13:41:46
116,m7qx,PRIS,—,taken,21/08/2026 17:41:07
117,m7qv,PRIS,—,taken,21/08/2026 13:43:10
118,m7qz,INDÉTERMINÉ,—,—,21/08/2026 17:44:11
119,m7qk,DISPONIBLE (2 sources),available,available,22/08/2026 09:47:34
120,m7qr,PRIS,—,taken,21/08/2026 13:44:55
121,m7qt,PRIS,—,taken,21/08/2026 17:47:15
122,m7qn,PRIS,—,taken,21/08/2026 13:47:00
123,m7qh,PRIS,—,taken,21/08/2026 17:50:19
124,m7qj,PRIS,—,taken,21/08/2026 17:52:21
125,m7qs,DISPONIBLE (2 sources),available,available,22/08/2026 09:55:42
126,m7qw,PRIS,—,taken,21/08/2026 13:50:49
127,m7xi,PRIS,—,taken,21/08/2026 13:51:31
128,m7xa,INDÉTERMINÉ,—,—,21/08/2026 17:58:29
129,m7xe,PRIS,—,taken,21/08/2026 17:59:30
130,m7xo,PRIS,—,taken,21/08/2026 13:54:39
131,m7xu,DISPONIBLE (2 sources),available,available,22/08/2026 10:03:51
132,m7xy,DISPONIBLE (2 sources),available,available,22/08/2026 10:11:58
133,m7xq,PRIS,—,taken,21/08/2026 13:56:44
134,m7xx,DISPONIBLE (2 sources),available,available,22/08/2026 10:20:09
135,m7xv,PRIS,—,taken,21/08/2026 13:57:46
136,m7xz,INDÉTERMINÉ,—,—,21/08/2026 18:02:32
137,m7xk,PRIS,—,taken,21/08/2026 13:59:09
138,m7xr,INDÉTERMINÉ,—,—,21/08/2026 18:05:36
139,m7xt,PRIS,—,taken,21/08/2026 14:00:33
140,m7xn,PRIS,—,taken,21/08/2026 14:00:54
141,m7xh,INDÉTERMINÉ,—,—,21/08/2026 18:08:39
142,m7xj,DISPONIBLE (2 sources),available,available,22/08/2026 10:28:39
143,m7xs,PRIS,—,taken,21/08/2026 14:03:19
144,m7xw,DISPONIBLE (2 sources),available,available,22/08/2026 10:36:46
145,m7vi,INDÉTERMINÉ,—,—,21/08/2026 18:14:46
146,m7va,PRIS,—,taken,21/08/2026 14:06:06
147,m7ve,PRIS,—,taken,21/08/2026 14:06:27
148,m7vo,PRIS,—,taken,21/08/2026 18:17:50
149,m7vu,PRIS,—,taken,21/08/2026 14:08:11
150,m7vy,PRIS,—,taken,21/08/2026 14:08:33
151,m7vq,PRIS,—,taken,21/08/2026 14:09:35
152,m7vx,PRIS,—,taken,21/08/2026 14:10:38
153,m7vv,DISPONIBLE (2 sources),available,available,22/08/2026 10:44:51
154,m7vz,DISPONIBLE (2 sources),available,available,22/08/2026 11:01:07
155,m7vk,INDÉTERMINÉ,—,—,21/08/2026 18:20:54
156,m7vr,PRIS,—,taken,21/08/2026 14:13:24
157,m7vt,PRIS,—,taken,21/08/2026 14:14:06
158,m7vn,PRIS,—,taken,21/08/2026 18:22:56
159,m7vh,PRIS,—,taken,21/08/2026 14:15:29
160,m7vj,PRIS,—,taken,21/08/2026 14:15:50
161,m7vs,PRIS,—,taken,21/08/2026 14:16:33
162,m7vw,INDÉTERMINÉ,—,—,21/08/2026 18:26:00
163,m7zi,PRIS,—,taken,21/08/2026 14:17:57
164,m7za,PRIS,—,taken,21/08/2026 18:27:01
165,m7ze,DISPONIBLE (2 sources),available,available,22/08/2026 11:09:13
166,m7zo,INDÉTERMINÉ,—,—,21/08/2026 18:31:34
167,m7zu,PRIS,—,taken,21/08/2026 14:21:05
168,m7zy,PRIS,—,taken,21/08/2026 14:21:47
169,m7zq,PRIS,—,taken,21/08/2026 14:22:08
170,m7zx,PRIS,—,taken,21/08/2026 14:22:50
171,m7zv,PRIS,—,taken,21/08/2026 14:23:11
172,m7zz,PRIS,—,taken,21/08/2026 14:23:33
173,m7zk,DISPONIBLE (2 sources),available,available,22/08/2026 11:17:26
174,m7zr,PRIS,—,taken,21/08/2026 14:24:57
175,m7zt,PRIS,—,taken,21/08/2026 14:26:01
176,m7zn,DISPONIBLE (2 sources),available,available,22/08/2026 11:25:34
177,m7zh,PRIS,—,taken,21/08/2026 14:27:04
178,m7zj,PRIS,—,taken,21/08/2026 14:27:45
179,m7zs,DISPONIBLE (2 sources),available,available,22/08/2026 11:33:44
180,m7zw,PRIS,—,taken,21/08/2026 14:28:48
181,m7ki,PRIS,—,taken,21/08/2026 14:29:09
182,m7ka,PRIS,—,taken,21/08/2026 14:29:30
183,m7ke,PRIS,—,taken,21/08/2026 14:29:51
184,m7ko,INDÉTERMINÉ,—,—,21/08/2026 18:35:39
185,m7ku,PRIS,—,taken,21/08/2026 14:31:14
186,m7ky,INDÉTERMINÉ,—,—,21/08/2026 18:38:43
187,m7kq,PRIS,—,taken,21/08/2026 18:40:45
188,m7kx,PRIS,—,taken,21/08/2026 14:33:39
189,m7kv,PRIS,—,taken,21/08/2026 14:34:00
190,m7kz,PRIS,—,taken,21/08/2026 14:35:04
191,m7kk,PRIS,—,taken,21/08/2026 14:35:46
192,m7kr,PRIS,—,taken,21/08/2026 18:44:25
193,m7kt,INDÉTERMINÉ,—,—,21/08/2026 18:49:16
194,m7kn,DISPONIBLE (2 sources),available,available,22/08/2026 11:41:52
195,m7kh,PRIS,—,taken,21/08/2026 14:39:38
196,m7kj,DISPONIBLE (2 sources),available,available,22/08/2026 11:50:00
197,m7ks,PRIS,—,taken,21/08/2026 14:41:45
198,m7kw,DISPONIBLE (2 sources),available,available,22/08/2026 11:58:22
199,m7ri,PRIS,—,taken,21/08/2026 14:43:10
200,m7ra,PRIS,—,taken,21/08/2026 19:04:49
201,m7re,PRIS,—,taken,21/08/2026 14:44:34
202,m7ro,PRIS,—,taken,21/08/2026 19:07:24
203,m7ru,PRIS,—,taken,21/08/2026 14:46:18
204,m7ry,PRIS,—,taken,21/08/2026 19:09:59
205,m7rq,INDÉTERMINÉ,—,—,21/08/2026 19:17:43
206,m7rx,PRIS,—,taken,21/08/2026 19:20:18
207,m7rv,PRIS,—,taken,21/08/2026 14:50:29
208,m7rz,DISPONIBLE (2 sources),available,available,22/08/2026 12:06:32
209,m7rk,INDÉTERMINÉ,—,—,21/08/2026 19:28:02
210,m7rr,DISPONIBLE (2 sources),available,available,22/08/2026 12:14:40
211,m7rt,PRIS,—,taken,21/08/2026 21:58:15
212,m7rn,PRIS,—,taken,21/08/2026 21:59:16
213,m7rh,PRIS,—,taken,21/08/2026 22:00:17
214,m7rj,PRIS,—,taken,21/08/2026 14:57:08
215,m7rs,DISPONIBLE (2 sources),available,available,22/08/2026 12:22:49
216,m7rw,DISPONIBLE (2 sources),available,available,22/08/2026 12:30:57
217,m7ti,PRIS,—,taken,21/08/2026 22:01:18
218,m7ta,PRIS,—,taken,21/08/2026 22:02:19
219,m7te,PRIS,—,taken,21/08/2026 22:03:20
220,m7to,PRIS,—,taken,21/08/2026 15:02:03
221,m7tu,PRIS,—,taken,21/08/2026 15:02:44
222,m7ty,PRIS,—,taken,21/08/2026 22:04:21
223,m7tq,PRIS,—,taken,21/08/2026 15:04:29
224,m7tx,DISPONIBLE (2 sources),available,available,22/08/2026 12:39:06
225,m7tv,PRIS,—,taken,21/08/2026 15:05:11
226,m7tz,PRIS,—,taken,21/08/2026 15:05:53
227,m7tk,PRIS,—,taken,21/08/2026 15:06:13
228,m7tr,PRIS,—,taken,21/08/2026 15:06:55
229,m7tt,PRIS,—,taken,21/08/2026 22:05:22
230,m7tn,PRIS,—,taken,21/08/2026 15:08:19
231,m7th,PRIS,—,taken,21/08/2026 22:06:23
232,m7tj,PRIS,—,taken,21/08/2026 15:10:03
233,m7ts,PRIS,—,taken,21/08/2026 22:07:24
234,m7tw,PRIS,—,taken,21/08/2026 15:11:49
235,m7ni,PRIS,—,taken,21/08/2026 15:12:10
236,m7na,PRIS,—,taken,21/08/2026 22:08:25
237,m7ne,PRIS,—,taken,21/08/2026 15:14:17
238,m7no,DISPONIBLE (2 sources),available,available,22/08/2026 15:47:24
239,m7nu,PRIS,—,taken,21/08/2026 15:16:23
240,m7ny,PRIS,—,taken,21/08/2026 22:10:27
241,m7nq,DISPONIBLE (2 sources),available,available,22/08/2026 18:55:30
242,m7nx,DISPONIBLE (2 sources),available,available,22/08/2026 19:03:39
243,m7nv,PRIS,—,taken,21/08/2026 15:20:15
244,m7nz,PRIS,—,taken,21/08/2026 15:21:18
245,m7nk,PRIS,—,taken,21/08/2026 15:22:22
246,m7nr,PRIS,—,taken,21/08/2026 22:12:29
247,m7nt,PRIS,—,taken,21/08/2026 22:13:30
248,m7nn,PRIS,—,taken,21/08/2026 15:25:09
249,m7nh,DISPONIBLE (2 sources),available,available,22/08/2026 19:11:50
250,m7nj,DISPONIBLE (2 sources),available,available,22/08/2026 19:20:02
251,m7ns,DISPONIBLE (2 sources),available,available,22/08/2026 19:28:08
252,m7nw,PRIS,—,taken,21/08/2026 15:28:18
253,m7hi,PRIS,—,taken,21/08/2026 22:15:32
254,m7ha,PRIS,—,taken,21/08/2026 22:16:33
255,m7he,PRIS,—,taken,21/08/2026 22:17:34
256,m7ho,PRIS,—,taken,21/08/2026 15:31:50
257,m7hu,PRIS,—,taken,21/08/2026 22:18:35
258,m7hy,DISPONIBLE (2 sources),available,available,22/08/2026 19:44:31
259,m7hq,PRIS,—,taken,21/08/2026 22:19:37
260,m7hx,PRIS,—,taken,21/08/2026 15:34:39
261,m7hv,DISPONIBLE (2 sources),available,available,22/08/2026 19:52:42
262,m7hz,INDÉTERMINÉ,—,—,21/08/2026 22:22:41
263,m7hk,PRIS,—,taken,21/08/2026 22:23:42
264,m7hr,PRIS,—,taken,21/08/2026 22:24:43
265,m7ht,PRIS,—,taken,21/08/2026 22:25:45
266,m7hn,PRIS,—,taken,21/08/2026 15:39:56
267,m7hh,PRIS,—,taken,21/08/2026 15:40:17
268,m7hj,PRIS,—,taken,21/08/2026 22:26:46
269,m7hs,INDÉTERMINÉ,—,—,21/08/2026 22:29:51
270,m7hw,DISPONIBLE (2 sources),available,available,22/08/2026 20:00:53
271,m7ji,PRIS,—,taken,21/08/2026 22:31:53
272,m7ja,PRIS,—,taken,21/08/2026 22:32:54
273,m7je,DISPONIBLE (2 sources),available,available,23/08/2026 06:41:38
274,m7jo,PRIS,—,taken,21/08/2026 22:34:56
275,m7ju,PRIS,—,taken,21/08/2026 22:35:57
276,m7jy,DISPONIBLE (2 sources),available,available,23/08/2026 06:49:46
277,m7jq,INDÉTERMINÉ,—,—,21/08/2026 22:40:06
278,m7jx,PRIS,—,taken,21/08/2026 15:51:13
279,m7jv,DISPONIBLE (2 sources),available,available,23/08/2026 06:57:59
280,m7jz,PRIS,—,taken,21/08/2026 15:53:19
281,m7jk,PRIS,—,taken,21/08/2026 22:43:10
282,m7jr,PRIS,—,taken,21/08/2026 22:44:11
283,m7jt,PRIS,—,taken,21/08/2026 22:45:12
284,m7jn,PRIS,—,taken,21/08/2026 22:47:15
285,m7jh,PRIS,—,taken,21/08/2026 22:49:17
286,m7jj,PRIS,—,taken,21/08/2026 22:51:19
287,m7js,PRIS,—,taken,21/08/2026 22:52:19
288,m7jw,DISPONIBLE (2 sources),available,available,23/08/2026 07:06:20
289,m7si,PRIS,—,taken,21/08/2026 22:54:21
290,m7sa,PRIS,—,taken,21/08/2026 22:55:22
291,m7se,PRIS,—,taken,21/08/2026 22:56:24
292,m7so,PRIS,—,taken,21/08/2026 16:05:14
293,m7su,DISPONIBLE (2 sources),available,available,23/08/2026 07:14:29
294,m7sy,PRIS,—,taken,21/08/2026 16:06:38
295,m7sq,INDÉTERMINÉ,—,—,21/08/2026 22:59:28
296,m7sx,PRIS,—,taken,21/08/2026 23:03:02
297,m7sv,DISPONIBLE (2 sources),available,available,23/08/2026 07:22:41
298,m7sz,DISPONIBLE (2 sources),available,available,23/08/2026 07:30:50
299,m7sk,PRIS,—,taken,21/08/2026 23:06:11
300,m7sr,PRIS,—,taken,21/08/2026 23:07:12
301,m7st,PRIS,—,taken,21/08/2026 23:08:13
302,m7sn,DISPONIBLE (2 sources),available,available,23/08/2026 07:47:45
303,m7sh,PRIS,—,taken,21/08/2026 23:10:15
304,m7sj,PRIS,—,taken,21/08/2026 23:12:17
305,m7ss,PRIS,—,taken,21/08/2026 23:14:20
306,m7sw,PRIS,—,taken,21/08/2026 23:16:22
307,m7wi,PRIS,—,taken,21/08/2026 23:17:23
308,m7wa,INDÉTERMINÉ,—,—,21/08/2026 23:20:28
309,m7we,PRIS,—,taken,21/08/2026 23:22:30
310,m7wo,DISPONIBLE (2 sources),available,available,23/08/2026 07:56:07
311,m7wu,PRIS,—,taken,21/08/2026 23:25:08
312,m7wy,DISPONIBLE (2 sources),available,available,23/08/2026 08:12:43
313,m7wq,PRIS,—,taken,21/08/2026 23:31:36
314,m7wx,PRIS,—,taken,21/08/2026 23:34:51
315,m7wv,PRIS,—,taken,21/08/2026 23:36:28
316,m7wz,PRIS,—,taken,21/08/2026 23:38:05
317,m7wk,PRIS,—,taken,21/08/2026 23:39:42
318,m7wr,PRIS,—,taken,21/08/2026 23:41:19
319,m7wt,PRIS,—,taken,21/08/2026 23:42:56
320,m7wn,PRIS,—,taken,21/08/2026 23:47:48
321,m7wh,PRIS,—,taken,21/08/2026 23:52:39
322,m7wj,PRIS,—,taken,21/08/2026 23:55:53
323,m7ws,INDÉTERMINÉ,—,—,22/08/2026 00:00:44
324,m7ww,INDÉTERMINÉ,—,—,22/08/2026 00:07:30
325,q7ia,PRIS,—,taken,22/08/2026 00:10:05
326,x7ia,PRIS,—,taken,22/08/2026 00:12:39
327,v7ia,PRIS,—,taken,22/08/2026 00:20:23
328,z7ia,PRIS,—,taken,22/08/2026 00:25:33
329,k7ia,PRIS,—,taken,22/08/2026 00:28:08
330,r7ia,DISPONIBLE (2 sources),available,available,23/08/2026 08:20:49
331,t7ia,PRIS,—,taken,22/08/2026 00:37:24
332,n7ia,DISPONIBLE (2 sources),available,available,23/08/2026 08:29:06
333,h7ia,DISPONIBLE (2 sources),available,available,23/08/2026 08:37:24
334,j7ia,INDÉTERMINÉ,—,—,22/08/2026 01:02:05
335,s7ia,INDÉTERMINÉ,—,—,22/08/2026 01:14:26
336,w7ia,INDÉTERMINÉ,—,—,22/08/2026 01:38:41
337,l7ia,PRIS,—,taken,22/08/2026 01:39:42
338,i7ia,PRIS,—,taken,22/08/2026 01:41:45
339,a7ia,PRIS,—,taken,22/08/2026 01:44:48
340,e7ia,INDÉTERMINÉ,—,—,22/08/2026 01:47:51
341,o7ia,PRIS,—,taken,22/08/2026 01:48:53
342,u7ia,PRIS,—,taken,22/08/2026 01:49:54
343,y7ia,PRIS,—,taken,22/08/2026 01:53:08
344,m2ia,PRIS,—,taken,22/08/2026 01:54:45
345,m4ia,PRIS,—,taken,22/08/2026 01:59:36
346,m9ia,INDÉTERMINÉ,—,—,22/08/2026 02:04:27
347,m3ia,PRIS,—,taken,22/08/2026 02:06:04
348,m6ia,INDÉTERMINÉ,—,—,22/08/2026 02:11:53
349,m5ia,INDÉTERMINÉ,—,—,22/08/2026 02:19:37
350,m7iqi,PRIS,—,taken,22/08/2026 02:27:21
351,m7iqa,INDÉTERMINÉ,—,—,22/08/2026 02:35:10
352,m7iqe,PRIS,—,taken,22/08/2026 02:40:19
353,m7iqo,PRIS,—,taken,22/08/2026 02:44:25
354,m7iqu,DISPONIBLE (2 sources),available,available,23/08/2026 08:45:38
355,m7iqy,DISPONIBLE (2 sources),available,available,23/08/2026 08:53:58
356,m7ixi,PRIS,—,taken,22/08/2026 02:56:45
357,m7ixa,PRIS,—,taken,22/08/2026 03:00:52
358,m7ixe,PRIS,—,taken,22/08/2026 03:04:59
359,m7ixo,PRIS,—,taken,22/08/2026 03:09:06
360,m7ixu,PRIS,—,taken,22/08/2026 03:13:13
361,m7ixy,PRIS,—,taken,22/08/2026 03:21:27
362,m7ivi,PRIS,—,taken,22/08/2026 03:25:33
363,m7iva,DISPONIBLE (2 sources),available,available,23/08/2026 09:02:04
364,m7ive,PRIS,—,taken,22/08/2026 03:37:54
365,m7ivo,PRIS,—,taken,22/08/2026 03:42:00
366,m7ivu,DISPONIBLE (2 sources),available,available,23/08/2026 09:10:12
367,m7ivy,PRIS,—,taken,22/08/2026 03:54:21
368,m7izi,INDÉTERMINÉ,—,—,22/08/2026 04:06:41
369,m7iza,INDÉTERMINÉ,—,—,22/08/2026 04:19:02
370,m7ize,PRIS,—,taken,22/08/2026 04:35:03
371,m7izo,DISPONIBLE (2 sources),available,available,23/08/2026 09:18:34
372,m7izu,PRIS,—,taken,22/08/2026 04:37:05
373,m7izy,PRIS,—,taken,22/08/2026 04:38:06
374,m7iki,PRIS,—,taken,22/08/2026 04:39:07
375,m7ika,PRIS,—,taken,22/08/2026 04:40:08
376,m7ike,PRIS,—,taken,22/08/2026 04:41:09
377,m7iko,PRIS,—,taken,22/08/2026 04:42:10
378,m7iku,PRIS,—,taken,22/08/2026 04:44:12
379,m7iky,PRIS,—,taken,22/08/2026 04:45:13
380,m7iri,PRIS,—,taken,22/08/2026 04:46:14
381,m7ira,DISPONIBLE (2 sources),available,available,23/08/2026 09:26:47
382,m7ire,PRIS,—,taken,22/08/2026 04:48:15
383,m7iro,PRIS,—,taken,22/08/2026 04:49:16
384,m7iru,PRIS,—,taken,22/08/2026 04:51:19
385,m7iry,PRIS,—,taken,22/08/2026 04:52:19
386,m7iti,DISPONIBLE (2 sources),available,available,23/08/2026 09:34:57
387,m7ita,INDÉTERMINÉ,—,—,22/08/2026 04:58:26
388,m7ite,PRIS,—,taken,22/08/2026 05:00:03
389,m7ito,PRIS,—,taken,22/08/2026 05:01:40
390,m7itu,PRIS,—,taken,22/08/2026 05:03:17
391,m7ity,PRIS,—,taken,22/08/2026 05:04:54
392,m7ini,PRIS,—,taken,22/08/2026 05:06:31
393,m7ina,PRIS,—,taken,22/08/2026 05:11:22
394,m7ine,PRIS,—,taken,22/08/2026 05:12:59
395,m7ino,PRIS,—,taken,22/08/2026 05:14:36
396,m7inu,DISPONIBLE (2 sources),available,available,23/08/2026 09:43:09
397,m7iny,PRIS,—,taken,22/08/2026 06:29:30
398,m7ihi,DISPONIBLE (2 sources),available,available,23/08/2026 09:51:20
399,m7iha,DISPONIBLE (2 sources),available,available,23/08/2026 09:59:29
400,m7ihe,DISPONIBLE (2 sources),available,available,23/08/2026 10:07:53
401,m7iho,PRIS,—,taken,22/08/2026 06:40:10
402,m7ihu,DISPONIBLE (2 sources),available,available,23/08/2026 10:16:03
403,m7ihy,DISPONIBLE (2 sources),available,available,23/08/2026 10:24:17
404,m7iji,PRIS,—,taken,22/08/2026 06:44:13
405,m7ija,PRIS,—,taken,22/08/2026 06:45:14
406,m7ije,DISPONIBLE (2 sources),available,available,23/08/2026 10:32:24
407,m7ijo,DISPONIBLE (2 sources),available,available,23/08/2026 10:40:35
408,m7iju,DISPONIBLE (2 sources),available,available,23/08/2026 10:49:01
409,m7ijy,PRIS,—,taken,22/08/2026 06:50:18
410,m7isi,PRIS,—,taken,22/08/2026 06:51:19
411,m7isa,PRIS,—,taken,22/08/2026 06:52:20
412,m7ise,DISPONIBLE (2 sources),available,available,23/08/2026 13:57:23
413,m7iso,PRIS,—,taken,22/08/2026 06:56:23
414,m7isu,PRIS,—,taken,22/08/2026 06:57:24
415,m7isy,DISPONIBLE (2 sources),available,available,23/08/2026 14:05:28
416,m7iwi,INDÉTERMINÉ,—,—,22/08/2026 07:02:29
417,m7iwa,DISPONIBLE (2 sources),available,available,23/08/2026 20:49:29
418,m7iwe,PRIS,—,taken,22/08/2026 07:04:31
419,m7iwo,DISPONIBLE (2 sources),available,available,23/08/2026 20:50:21
420,m7iwu,PRIS,—,taken,22/08/2026 07:06:32
421,m7iwy,INDÉTERMINÉ,—,—,22/08/2026 07:09:35
422,m7aqi,PRIS,—,taken,22/08/2026 07:10:36
423,m7aqa,PRIS,—,taken,22/08/2026 07:12:38
424,m7aqe,INDÉTERMINÉ,—,—,22/08/2026 07:17:29
425,m7aqo,DISPONIBLE (2 sources),available,available,23/08/2026 20:58:27
426,m7aqu,DISPONIBLE (2 sources),available,available,23/08/2026 21:06:33
427,m7aqy,INDÉTERMINÉ,—,—,22/08/2026 07:28:47
428,m7axi,PRIS,—,taken,22/08/2026 07:30:24
429,m7axa,PRIS,—,taken,22/08/2026 07:32:01
430,m7axe,DISPONIBLE (2 sources),available,available,23/08/2026 21:14:45
431,m7axo,INDÉTERMINÉ,—,—,22/08/2026 07:42:19
432,m7axu,PRIS,—,taken,22/08/2026 07:47:29
433,m7axy,PRIS,—,taken,22/08/2026 07:55:12
434,m7avi,DISPONIBLE (2 sources),available,available,23/08/2026 21:22:51
435,m7ava,PRIS,—,taken,22/08/2026 08:02:56
436,m7ave,DISPONIBLE (2 sources),available,available,23/08/2026 21:31:27
437,m7avo,INDÉTERMINÉ,—,—,22/08/2026 08:23:30
438,m7avu,PRIS,—,taken,22/08/2026 08:27:36
439,m7avy,INDÉTERMINÉ,—,—,22/08/2026 08:39:57
440,m7azi,PRIS,—,taken,22/08/2026 08:44:04
441,m7aza,PRIS,—,taken,22/08/2026 09:08:18
442,m7aze,PRIS,—,taken,22/08/2026 09:09:20
443,m7azo,PRIS,—,taken,22/08/2026 09:10:20
444,m7azu,PRIS,—,taken,22/08/2026 09:12:22
445,m7azy,INDÉTERMINÉ,—,—,22/08/2026 09:15:26
446,m7aki,DISPONIBLE (2 sources),available,available,24/08/2026 00:39:35
447,m7aka,PRIS,—,taken,22/08/2026 09:18:29
448,m7ake,PRIS,—,taken,22/08/2026 09:19:30
449,m7ako,INDÉTERMINÉ,—,—,22/08/2026 09:22:32
450,m7aku,PRIS,—,taken,22/08/2026 09:23:33
451,m7aky,PRIS,—,taken,22/08/2026 09:24:34
452,m7ari,PRIS,—,taken,22/08/2026 09:25:36
453,m7ara,PRIS,—,taken,22/08/2026 09:26:36
454,m7are,PRIS,—,taken,22/08/2026 09:27:37
455,m7aro,PRIS,—,taken,22/08/2026 09:29:39
456,m7aru,PRIS,—,taken,22/08/2026 09:33:18
457,m7ary,INDÉTERMINÉ,—,—,22/08/2026 09:38:09
458,m7ati,PRIS,—,taken,22/08/2026 09:39:46
459,m7ata,PRIS,—,taken,22/08/2026 09:41:23
460,m7ate,PRIS,—,taken,22/08/2026 09:43:00
461,m7ato,PRIS,—,taken,22/08/2026 09:44:37
462,m7atu,PRIS,—,taken,22/08/2026 09:49:29
463,m7aty,PRIS,—,taken,22/08/2026 09:56:15
464,m7ani,PRIS,—,taken,22/08/2026 09:58:50
465,m7ana,INDÉTERMINÉ,—,—,22/08/2026 10:06:34
466,m7ane,PRIS,—,taken,22/08/2026 10:14:18
467,m7ano,PRIS,—,taken,22/08/2026 10:16:53
468,m7anu,PRIS,—,taken,22/08/2026 10:22:03
469,m7any,INDÉTERMINÉ,—,—,22/08/2026 10:34:23
470,m7ahi,PRIS,—,taken,22/08/2026 10:38:30
471,m7aha,PRIS,—,taken,22/08/2026 10:42:36
472,m7ahe,DISPONIBLE (2 sources),available,available,24/08/2026 00:47:47
473,m7aho,DISPONIBLE (2 sources),available,available,24/08/2026 00:55:53
474,m7ahu,DISPONIBLE (2 sources),available,available,24/08/2026 01:04:13
475,m7ahy,DISPONIBLE (2 sources),available,available,24/08/2026 01:12:20
476,m7aji,PRIS,—,taken,22/08/2026 11:11:23
477,m7aja,DISPONIBLE (2 sources),available,available,24/08/2026 01:20:28
478,m7aje,INDÉTERMINÉ,—,—,22/08/2026 11:31:57
479,m7ajo,PRIS,—,taken,22/08/2026 11:36:04
480,m7aju,PRIS,—,taken,22/08/2026 11:40:11
481,m7ajy,PRIS,—,taken,22/08/2026 11:48:25
482,m7asi,PRIS,—,taken,22/08/2026 11:52:32
483,m7asa,INDÉTERMINÉ,—,—,22/08/2026 12:16:47
484,m7ase,PRIS,—,taken,22/08/2026 12:19:50
485,m7aso,PRIS,—,taken,22/08/2026 12:20:51
486,m7asu,PRIS,—,taken,22/08/2026 12:23:54
487,m7asy,PRIS,—,taken,22/08/2026 12:25:56
488,m7awi,INDÉTERMINÉ,—,—,22/08/2026 12:29:35
489,m7awa,PRIS,—,taken,22/08/2026 12:32:49
490,m7awe,PRIS,—,taken,22/08/2026 12:34:26
491,m7awo,INDÉTERMINÉ,—,—,22/08/2026 12:39:17
492,m7awu,DISPONIBLE (2 sources),available,available,24/08/2026 04:28:44
493,m7awy,INDÉTERMINÉ,—,—,22/08/2026 12:45:45
494,m7eqi,DISPONIBLE (2 sources),available,available,24/08/2026 04:36:56
495,m7eqa,DISPONIBLE (2 sources),available,available,24/08/2026 04:45:07
496,m7eqe,PRIS,—,taken,22/08/2026 13:00:15
497,m7eqo,DISPONIBLE (2 sources),available,available,24/08/2026 11:52:53
498,m7equ,DISPONIBLE (2 sources),available,available,24/08/2026 12:01:02
499,m7eqy,DISPONIBLE (2 sources),available,available,24/08/2026 12:09:18
500,m7exi,DISPONIBLE (2 sources),available,available,24/08/2026 12:33:39
501,m7exa,DISPONIBLE (2 sources),available,available,24/08/2026 12:41:51
502,m7exe,PRIS,—,taken,22/08/2026 16:45:38
503,m7exo,PRIS,—,taken,22/08/2026 16:46:38
504,m7exu,INDÉTERMINÉ,—,—,22/08/2026 16:49:42
505,m7exy,INDÉTERMINÉ,—,—,22/08/2026 16:52:44
506,m7evi,PRIS,—,taken,22/08/2026 16:53:45
507,m7eva,PRIS,—,taken,22/08/2026 16:56:49
508,m7eve,INDÉTERMINÉ,—,—,22/08/2026 16:59:52
509,m7evo,DISPONIBLE (2 sources),available,available,24/08/2026 12:50:06
510,m7evu,INDÉTERMINÉ,—,—,22/08/2026 17:03:56
511,m7evy,DISPONIBLE (2 sources),available,available,24/08/2026 12:58:17
512,m7ezi,INDÉTERMINÉ,—,—,22/08/2026 17:10:02
513,m7eza,PRIS,—,taken,22/08/2026 17:11:03
514,m7eze,DISPONIBLE (2 sources),available,available,24/08/2026 13:06:27
515,m7ezo,PRIS,—,taken,22/08/2026 17:13:05
516,m7ezu,DISPONIBLE (2 sources),available,available,24/08/2026 13:22:34
517,m7ezy,INDÉTERMINÉ,—,—,22/08/2026 17:17:09
518,m7eki,PRIS,—,taken,22/08/2026 17:18:10
519,m7eka,PRIS,—,taken,22/08/2026 17:21:13
520,m7eke,DISPONIBLE (2 sources),available,available,24/08/2026 13:30:54
521,m7eko,DISPONIBLE (2 sources),available,available,24/08/2026 13:39:02
522,m7eku,DISPONIBLE (2 sources),available,available,24/08/2026 13:47:12
523,m7eky,DISPONIBLE (2 sources),available,available,24/08/2026 13:55:20
524,m7eri,INDÉTERMINÉ,—,—,22/08/2026 17:29:20
525,m7era,DISPONIBLE (2 sources),available,available,24/08/2026 14:11:32
526,m7ere,PRIS,—,taken,22/08/2026 17:35:26
527,m7ero,INDÉTERMINÉ,—,—,22/08/2026 17:38:30
528,m7eru,INDÉTERMINÉ,—,—,22/08/2026 17:41:33
529,m7ery,PRIS,—,taken,22/08/2026 17:43:34
530,m7eti,PRIS,—,taken,22/08/2026 17:44:35
531,m7eta,INDÉTERMINÉ,—,—,22/08/2026 17:47:38
532,m7ete,DISPONIBLE (2 sources),available,available,24/08/2026 14:19:41
533,m7eto,INDÉTERMINÉ,—,—,22/08/2026 17:52:43
534,m7etu,INDÉTERMINÉ,—,—,22/08/2026 17:55:46
535,m7ety,PRIS,—,taken,22/08/2026 17:57:23
536,m7eni,PRIS,—,taken,22/08/2026 18:00:36
537,m7ena,PRIS,—,taken,22/08/2026 18:02:13
538,m7ene,DISPONIBLE (2 sources),available,available,24/08/2026 14:27:51
539,m7eno,PRIS,—,taken,22/08/2026 18:07:05
540,m7enu,DISPONIBLE (2 sources),available,available,24/08/2026 14:36:07
541,m7eny,PRIS,—,taken,22/08/2026 18:13:33
542,m7ehi,DISPONIBLE (2 sources),available,available,24/08/2026 14:44:18
543,m7eha,DISPONIBLE (2 sources),available,available,24/08/2026 14:52:38
544,m7ehe,PRIS,—,taken,22/08/2026 18:23:15
545,m7eho,PRIS,—,taken,22/08/2026 18:24:51
546,m7ehu,DISPONIBLE (2 sources),available,available,24/08/2026 15:00:46
547,m7ehy,DISPONIBLE (2 sources),available,available,24/08/2026 15:09:13
548,m7eji,DISPONIBLE (2 sources),available,available,24/08/2026 15:25:57
549,m7eja,DISPONIBLE (2 sources),available,available,24/08/2026 15:34:07
550,m7eje,DISPONIBLE (2 sources),available,available,24/08/2026 15:58:43
551,m7ejo,DISPONIBLE (2 sources),available,available,24/08/2026 16:06:54
552,m7eju,DISPONIBLE (2 sources),available,available,24/08/2026 16:15:13
553,m7ejy,INDÉTERMINÉ,—,—,22/08/2026 18:43:14
554,m7esi,INDÉTERMINÉ,—,—,22/08/2026 18:47:22
555,m7esa,PRIS,—,taken,22/08/2026 18:51:30
556,m7ese,PRIS,—,taken,22/08/2026 18:52:53
557,m7eso,PRIS,—,taken,22/08/2026 18:54:16
558,m7esu,DISPONIBLE (2 sources),available,available,24/08/2026 16:23:25
559,m7esy,DISPONIBLE (2 sources),available,available,24/08/2026 16:31:37
560,m7ewi,PRIS,—,taken,22/08/2026 19:01:09
561,m7ewa,PRIS,—,taken,22/08/2026 19:02:32
562,m7ewe,INDÉTERMINÉ,—,—,22/08/2026 19:06:39
563,m7ewo,DISPONIBLE (2 sources),available,available,24/08/2026 16:39:43
564,m7ewu,DISPONIBLE (2 sources),available,available,24/08/2026 16:47:50
565,m7ewy,DISPONIBLE (2 sources),available,available,24/08/2026 16:56:15
566,m7oqi,INDÉTERMINÉ,—,—,22/08/2026 19:14:55
567,m7oqa,INDÉTERMINÉ,—,—,22/08/2026 19:19:02
568,m7oqe,PRIS,—,taken,22/08/2026 19:20:25
569,m7oqo,INDÉTERMINÉ,—,—,22/08/2026 19:24:33
570,m7oqu,DISPONIBLE (2 sources),available,available,24/08/2026 17:04:27
571,m7oqy,DISPONIBLE (2 sources),available,available,24/08/2026 17:12:37
572,m7oxi,PRIS,—,taken,22/08/2026 19:34:11
573,m7oxa,PRIS,—,taken,22/08/2026 19:35:33
574,m7oxe,PRIS,—,taken,22/08/2026 19:36:56
575,m7oxo,INDÉTERMINÉ,—,—,22/08/2026 19:41:04
576,m7oxu,DISPONIBLE (2 sources),available,available,24/08/2026 17:20:51
577,m7oxy,PRIS,—,taken,22/08/2026 19:46:35
578,m7ovi,PRIS,—,taken,22/08/2026 19:47:57
579,m7ova,PRIS,—,taken,22/08/2026 19:49:20
580,m7ove,INDÉTERMINÉ,—,—,22/08/2026 19:53:28
581,m7ovo,INDÉTERMINÉ,—,—,22/08/2026 19:57:36
582,m7ovu,DISPONIBLE (2 sources),available,available,24/08/2026 17:37:18
583,m7ovy,INDÉTERMINÉ,—,—,22/08/2026 20:03:07
584,m7ozi,INDÉTERMINÉ,—,—,22/08/2026 20:07:15
585,m7oza,PRIS,—,taken,22/08/2026 20:08:38
586,m7oze,PRIS,—,taken,22/08/2026 20:10:00
587,m7ozo,PRIS,—,taken,22/08/2026 20:11:23
588,m7ozu,DISPONIBLE (2 sources),available,available,24/08/2026 17:45:25
589,m7ozy,DISPONIBLE (2 sources),available,available,24/08/2026 17:53:40
590,m7oki,INDÉTERMINÉ,—,—,22/08/2026 20:19:38
591,m7oka,PRIS,—,taken,22/08/2026 20:21:01
592,m7oke,DISPONIBLE (2 sources),available,available,24/08/2026 18:01:57
593,m7oko,PRIS,—,taken,22/08/2026 20:26:31
594,m7oku,PRIS,—,taken,22/08/2026 20:29:17
595,m7oky,DISPONIBLE (2 sources),available,available,24/08/2026 18:26:35
596,m7ori,INDÉTERMINÉ,—,—,22/08/2026 20:34:48
597,m7ora,DISPONIBLE (2 sources),available,available,24/08/2026 18:34:49
598,m7ore,PRIS,—,taken,22/08/2026 20:37:33
599,m7oro,PRIS,—,taken,22/08/2026 20:40:18
600,m7oru,PRIS,—,taken,22/08/2026 20:41:41
601,m7ory,PRIS,—,taken,22/08/2026 20:45:50
602,m7oti,DISPONIBLE (2 sources),available,available,24/08/2026 18:43:05
603,m7ota,PRIS,—,taken,22/08/2026 20:48:35
604,m7ote,PRIS,—,taken,22/08/2026 20:49:58
605,m7oto,PRIS,—,taken,22/08/2026 20:51:21
606,m7otu,DISPONIBLE (2 sources),available,available,24/08/2026 18:51:15
607,m7oty,DISPONIBLE (2 sources),available,available,24/08/2026 18:59:25
608,m7oni,PRIS,—,taken,22/08/2026 20:55:03
609,m7ona,PRIS,—,taken,22/08/2026 20:58:35
610,m7one,PRIS,—,taken,22/08/2026 21:00:56
611,m7ono,PRIS,—,taken,22/08/2026 21:03:17
612,m7onu,PRIS,—,taken,22/08/2026 21:05:38
613,m7ony,INDÉTERMINÉ,—,—,22/08/2026 21:09:11
614,m7ohi,DISPONIBLE (2 sources),available,available,24/08/2026 19:07:31
615,m7oha,PRIS,—,taken,22/08/2026 21:11:32
616,m7ohe,DISPONIBLE (2 sources),available,available,24/08/2026 19:16:16
617,m7oho,PRIS,—,taken,22/08/2026 21:16:14
618,m7ohu,PRIS,—,taken,22/08/2026 21:18:34
619,m7ohy,PRIS,—,taken,22/08/2026 21:19:35
620,m7oji,PRIS,—,taken,22/08/2026 21:22:38
621,m7oja,INDÉTERMINÉ,—,—,22/08/2026 21:25:41
622,m7oje,DISPONIBLE (2 sources),available,available,24/08/2026 19:24:24
623,m7ojo,PRIS,—,taken,22/08/2026 21:27:43
624,m7oju,DISPONIBLE (2 sources),available,available,24/08/2026 19:32:35
625,m7ojy,DISPONIBLE (2 sources),available,available,24/08/2026 21:10:56
626,m7osi,PRIS,—,taken,22/08/2026 21:31:46
627,m7osa,INDÉTERMINÉ,—,—,22/08/2026 21:34:49
628,m7ose,INDÉTERMINÉ,—,—,22/08/2026 21:37:52
629,m7oso,PRIS,—,taken,22/08/2026 21:40:55
630,m7osu,PRIS,—,taken,22/08/2026 21:41:57
631,m7osy,PRIS,—,taken,22/08/2026 21:43:59
632,m7owi,PRIS,—,taken,22/08/2026 21:46:01
633,m7owa,DISPONIBLE (2 sources),available,available,24/08/2026 21:19:06
634,m7owe,DISPONIBLE (2 sources),available,available,24/08/2026 21:27:16
635,m7owo,PRIS,—,taken,22/08/2026 21:50:06
636,m7owu,DISPONIBLE (2 sources),available,available,24/08/2026 21:35:23
637,m7owy,PRIS,—,taken,22/08/2026 21:54:10
638,m7uqi,PRIS,—,taken,22/08/2026 21:55:14
639,m7uqa,DISPONIBLE (2 sources),available,available,24/08/2026 21:43:31
640,m7uqe,DISPONIBLE (2 sources),available,available,25/08/2026 00:51:54
641,m7uqo,PRIS,—,taken,22/08/2026 22:00:18
642,m7uqu,DISPONIBLE (2 sources),available,available,25/08/2026 01:00:01
643,m7uqy,DISPONIBLE (2 sources),available,available,25/08/2026 04:20:05
644,m7uxi,PRIS,—,taken,22/08/2026 22:04:22
645,m7uxa,PRIS,—,taken,22/08/2026 22:05:23
646,m7uxe,INDÉTERMINÉ,—,—,22/08/2026 22:08:26
647,m7uxo,DISPONIBLE (2 sources),available,available,25/08/2026 04:36:23
648,m7uxu,PRIS,—,taken,22/08/2026 22:11:30
649,m7uxy,DISPONIBLE (2 sources),available,available,25/08/2026 04:44:32
650,m7uvi,PRIS,—,taken,22/08/2026 22:14:32
651,m7uva,DISPONIBLE (2 sources),available,available,25/08/2026 04:52:43
652,m7uve,DISPONIBLE (2 sources),available,available,25/08/2026 06:27:30
653,m7uvo,DISPONIBLE (2 sources),available,available,25/08/2026 06:35:35
654,m7uvu,PRIS,—,taken,22/08/2026 22:19:37
655,m7uvy,PRIS,—,taken,22/08/2026 22:21:40
656,m7uzi,PRIS,—,taken,22/08/2026 22:23:42
657,m7uza,DISPONIBLE (2 sources),available,available,25/08/2026 06:43:50
658,m7uze,DISPONIBLE (2 sources),available,available,25/08/2026 06:52:00
659,m7uzo,DISPONIBLE (2 sources),available,available,25/08/2026 07:08:20
660,m7uzu,DISPONIBLE (2 sources),available,available,25/08/2026 07:16:35
661,m7uzy,PRIS,—,taken,22/08/2026 22:31:49
662,m7uki,PRIS,—,taken,22/08/2026 22:32:50
663,m7uka,PRIS,—,taken,22/08/2026 22:33:51
664,m7uke,DISPONIBLE (1 source),—,available,22/08/2026 22:35:53
665,m7uko,INDÉTERMINÉ,—,—,22/08/2026 22:38:56
666,m7uku,DISPONIBLE (1 source),—,available,22/08/2026 22:39:57
667,m7uky,DISPONIBLE (1 source),—,available,22/08/2026 22:41:59
668,m7uri,INDÉTERMINÉ,—,—,22/08/2026 22:45:01
669,m7ura,INDÉTERMINÉ,—,—,22/08/2026 22:48:05
670,m7ure,PRIS,—,taken,22/08/2026 22:49:06
671,m7uro,PRIS,—,taken,22/08/2026 22:50:07
672,m7uru,DISPONIBLE (1 source),—,available,22/08/2026 22:51:08
673,m7ury,PRIS,—,taken,22/08/2026 22:52:09
674,m7uti,PRIS,—,taken,22/08/2026 22:53:10
675,m7uta,PRIS,—,taken,23/08/2026 06:45:10
676,m7ute,DISPONIBLE (1 source),—,available,23/08/2026 06:46:11
677,m7uto,PRIS,—,taken,23/08/2026 06:47:12
678,m7utu,DISPONIBLE (1 source),—,available,23/08/2026 06:48:13
679,m7uty,DISPONIBLE (1 source),—,available,23/08/2026 06:49:14
680,m7uni,PRIS,—,taken,23/08/2026 06:50:15
681,m7una,PRIS,—,taken,23/08/2026 06:52:17
682,m7une,DISPONIBLE (1 source),—,available,23/08/2026 06:53:19
683,m7uno,DISPONIBLE (1 source),—,available,23/08/2026 06:55:21
684,m7unu,DISPONIBLE (1 source),—,available,23/08/2026 06:56:22
685,m7uny,DISPONIBLE (1 source),—,available,23/08/2026 06:57:23
686,m7uhi,PRIS,—,taken,23/08/2026 06:58:24
687,m7uha,PRIS,—,taken,23/08/2026 06:59:24
688,m7uhe,DISPONIBLE (1 source),—,available,23/08/2026 07:00:25
689,m7uho,PRIS,—,taken,23/08/2026 07:01:26
690,m7uhu,PRIS,—,taken,23/08/2026 07:02:27
691,m7uhy,DISPONIBLE (1 source),—,available,23/08/2026 07:03:28
692,m7uji,PRIS,—,taken,23/08/2026 07:04:29
693,m7uja,INDÉTERMINÉ,—,—,23/08/2026 07:07:32
694,m7uje,DISPONIBLE (1 source),—,available,23/08/2026 07:08:33
695,m7ujo,DISPONIBLE (1 source),—,available,23/08/2026 07:09:33
696,m7uju,PRIS,—,taken,23/08/2026 07:10:34
697,m7ujy,DISPONIBLE (1 source),—,available,23/08/2026 07:11:35
698,m7usi,PRIS,—,taken,23/08/2026 07:12:36
699,m7usa,PRIS,—,taken,23/08/2026 07:13:37
700,m7use,PRIS,—,taken,23/08/2026 07:14:38
701,m7uso,PRIS,—,taken,23/08/2026 07:15:39
702,m7usu,DISPONIBLE (1 source),—,available,23/08/2026 07:18:42
703,m7usy,PRIS,—,taken,23/08/2026 07:19:42
704,m7uwi,DISPONIBLE (1 source),—,available,23/08/2026 07:21:45
705,m7uwa,PRIS,—,taken,23/08/2026 07:22:45
706,m7uwe,DISPONIBLE (1 source),—,available,23/08/2026 07:23:46
707,m7uwo,PRIS,—,taken,23/08/2026 07:25:48
708,m7uwu,PRIS,—,taken,23/08/2026 07:26:48
709,m7uwy,PRIS,—,taken,23/08/2026 07:27:49
710,m7yqi,DISPONIBLE (1 source),—,available,23/08/2026 07:29:51
711,m7yqa,DISPONIBLE (1 source),—,available,23/08/2026 07:30:52
712,m7yqe,PRIS,—,taken,23/08/2026 07:31:53
713,m7yqo,DISPONIBLE (1 source),—,available,23/08/2026 07:33:54
714,m7yqu,INDÉTERMINÉ,—,—,23/08/2026 07:36:56
715,m7yqy,DISPONIBLE (1 source),—,available,23/08/2026 07:38:58
716,m7yxi,DISPONIBLE (1 source),—,available,23/08/2026 07:41:00
717,m7yxa,PRIS,—,taken,23/08/2026 07:43:01
718,m7yxe,DISPONIBLE (1 source),—,available,23/08/2026 07:45:05
719,m7yxo,DISPONIBLE (1 source),—,available,23/08/2026 07:46:06
720,m7yxu,INDÉTERMINÉ,—,—,23/08/2026 07:49:09
721,m7yxy,DISPONIBLE (1 source),—,available,23/08/2026 07:50:09
722,m7yvi,PRIS,—,taken,23/08/2026 07:51:10
723,m7yva,DISPONIBLE (1 source),—,available,23/08/2026 07:52:11
724,m7yve,DISPONIBLE (1 source),—,available,23/08/2026 07:54:12
725,m7yvo,PRIS,—,taken,23/08/2026 07:55:13
726,m7yvu,DISPONIBLE (1 source),—,available,23/08/2026 07:56:14
727,m7yvy,DISPONIBLE (1 source),—,available,23/08/2026 07:58:15
728,m7yzi,PRIS,—,taken,23/08/2026 08:00:17
729,m7yza,DISPONIBLE (1 source),—,available,23/08/2026 08:02:19
730,m7yze,DISPONIBLE (1 source),—,available,23/08/2026 08:03:20
731,m7yzo,DISPONIBLE (1 source),—,available,23/08/2026 08:04:20
732,m7yzu,PRIS,—,taken,23/08/2026 08:05:22
733,m7yzy,DISPONIBLE (1 source),—,available,23/08/2026 08:06:22
734,m7yki,DISPONIBLE (1 source),—,available,23/08/2026 08:07:23
735,m7yka,INDÉTERMINÉ,—,—,23/08/2026 08:10:26
736,m7yke,PRIS,—,taken,23/08/2026 08:11:27
737,m7yko,PRIS,—,taken,23/08/2026 08:12:28
738,m7yku,DISPONIBLE (1 source),—,available,23/08/2026 08:13:29
739,m7yky,PRIS,—,taken,23/08/2026 08:15:31
740,m7yri,PRIS,—,taken,23/08/2026 08:17:33
741,m7yra,PRIS,—,taken,23/08/2026 08:18:34
742,m7yre,DISPONIBLE (1 source),—,available,23/08/2026 08:20:36
743,m7yro,DISPONIBLE (1 source),—,available,23/08/2026 08:21:37
744,m7yru,DISPONIBLE (1 source),—,available,23/08/2026 08:22:38
745,m7yry,PRIS,—,taken,23/08/2026 08:24:39
746,m7yti,INDÉTERMINÉ,—,—,23/08/2026 08:27:42
747,m7yta,INDÉTERMINÉ,—,—,23/08/2026 08:30:45
748,m7yte,PRIS,—,taken,23/08/2026 08:32:47
749,m7yto,DISPONIBLE (1 source),—,available,23/08/2026 08:33:48
750,m7ytu,INDÉTERMINÉ,—,—,23/08/2026 08:36:51
751,m7yty,PRIS,—,taken,23/08/2026 08:38:53
752,m7yni,PRIS,—,taken,23/08/2026 08:39:54
753,m7yna,PRIS,—,taken,23/08/2026 08:41:56
754,m7yne,DISPONIBLE (1 source),—,available,23/08/2026 08:43:57
755,m7yno,DISPONIBLE (1 source),—,available,23/08/2026 08:45:59
756,m7ynu,DISPONIBLE (1 source),—,available,23/08/2026 08:46:59
757,m7yny,DISPONIBLE (1 source),—,available,23/08/2026 08:48:00
758,m7yhi,INDÉTERMINÉ,—,—,23/08/2026 08:51:04
759,m7yha,PRIS,—,taken,23/08/2026 08:52:04
760,m7yhe,DISPONIBLE (1 source),—,available,23/08/2026 08:53:05
761,m7yho,DISPONIBLE (1 source),—,available,23/08/2026 08:54:06
762,m7yhu,INDÉTERMINÉ,—,—,23/08/2026 08:57:09
763,m7yhy,PRIS,—,taken,23/08/2026 09:00:12
764,m7yji,DISPONIBLE (1 source),—,available,23/08/2026 09:02:14
765,m7yja,INDÉTERMINÉ,—,—,23/08/2026 09:05:16
766,m7yje,PRIS,—,taken,23/08/2026 09:06:17
767,m7yjo,DISPONIBLE (1 source),—,available,23/08/2026 09:07:18
768,m7yju,DISPONIBLE (1 source),—,available,23/08/2026 09:08:19
769,m7yjy,DISPONIBLE (1 source),—,available,23/08/2026 09:09:20
770,m7ysi,PRIS,—,taken,23/08/2026 09:10:21
771,m7ysa,PRIS,—,taken,23/08/2026 09:11:22
772,m7yse,DISPONIBLE (1 source),—,available,23/08/2026 09:12:23
773,m7yso,PRIS,—,taken,23/08/2026 09:13:23
774,m7ysu,PRIS,—,taken,23/08/2026 09:14:24
775,m7ysy,INDÉTERMINÉ,—,—,23/08/2026 09:17:27
776,m7ywi,DISPONIBLE (1 source),—,available,23/08/2026 09:19:28
777,m7ywa,PRIS,—,taken,23/08/2026 09:20:29
778,m7ywe,DISPONIBLE (1 source),—,available,23/08/2026 09:21:30
779,m7ywo,DISPONIBLE (1 source),—,available,23/08/2026 09:23:31
780,m7ywu,INDÉTERMINÉ,—,—,23/08/2026 09:26:35
781,m7ywy,DISPONIBLE (1 source),—,available,23/08/2026 09:27:36
782,m7qiq,DISPONIBLE (1 source),—,available,23/08/2026 09:29:38
783,m7qix,PRIS,—,taken,23/08/2026 09:30:39
784,m7qiv,DISPONIBLE (1 source),—,available,23/08/2026 09:33:42
785,m7qiz,INDÉTERMINÉ,—,—,23/08/2026 09:36:45
786,m7qik,PRIS,—,taken,23/08/2026 09:37:46
787,m7qir,INDÉTERMINÉ,—,—,23/08/2026 09:40:49
788,m7qit,INDÉTERMINÉ,—,—,23/08/2026 09:43:51
789,m7qin,DISPONIBLE (1 source),—,available,23/08/2026 09:45:53
790,m7qih,DISPONIBLE (1 source),—,available,23/08/2026 09:47:55
791,m7qij,PRIS,—,taken,23/08/2026 09:48:55
792,m7qis,DISPONIBLE (1 source),—,available,23/08/2026 09:51:58
793,m7qiw,PRIS,—,taken,23/08/2026 09:53:00
794,m7qaq,INDÉTERMINÉ,—,—,23/08/2026 09:56:02
795,m7qax,INDÉTERMINÉ,—,—,23/08/2026 09:59:04
796,m7qav,DISPONIBLE (1 source),—,available,23/08/2026 10:02:07
797,m7qaz,PRIS,—,taken,23/08/2026 10:03:08
798,m7qak,DISPONIBLE (1 source),—,available,23/08/2026 10:05:09
799,m7qar,PRIS,—,taken,23/08/2026 10:06:10
800,m7qat,PRIS,—,taken,23/08/2026 10:07:11
801,m7qan,PRIS,—,taken,23/08/2026 10:08:12
802,m7qah,INDÉTERMINÉ,—,—,23/08/2026 10:11:15
803,m7qaj,DISPONIBLE (1 source),—,available,23/08/2026 10:12:16
804,m7qas,DISPONIBLE (1 source),—,available,23/08/2026 10:14:17
805,m7qaw,INDÉTERMINÉ,—,—,23/08/2026 10:17:20
806,m7qeq,INDÉTERMINÉ,—,—,23/08/2026 10:20:23
807,m7qex,DISPONIBLE (1 source),—,available,23/08/2026 10:22:25
808,m7qev,DISPONIBLE (1 source),—,available,23/08/2026 10:23:26
809,m7qez,PRIS,—,taken,23/08/2026 10:25:27
810,m7qek,DISPONIBLE (1 source),—,available,23/08/2026 10:26:28
811,m7qer,INDÉTERMINÉ,—,—,23/08/2026 10:29:31
812,m7qet,PRIS,—,taken,23/08/2026 10:30:32
813,m7qen,DISPONIBLE (1 source),—,available,23/08/2026 10:31:33
814,m7qeh,INDÉTERMINÉ,—,—,23/08/2026 10:34:35
815,m7qej,DISPONIBLE (1 source),—,available,23/08/2026 10:35:36
816,m7qes,PRIS,—,taken,23/08/2026 10:37:38
817,m7qew,DISPONIBLE (1 source),—,available,23/08/2026 10:38:39
818,m7qoq,PRIS,—,taken,23/08/2026 10:41:42
819,m7qox,PRIS,—,taken,23/08/2026 10:43:44
820,m7qov,DISPONIBLE (1 source),—,available,23/08/2026 10:45:46
821,m7qoz,DISPONIBLE (1 source),—,available,23/08/2026 10:48:48
822,m7qok,DISPONIBLE (1 source),—,available,23/08/2026 10:49:49
823,m7qor,PRIS,—,taken,23/08/2026 10:51:51
824,m7qot,DISPONIBLE (1 source),—,available,23/08/2026 10:53:53
825,m7qon,DISPONIBLE (1 source),—,available,23/08/2026 10:56:55
826,m7qoh,INDÉTERMINÉ,—,—,23/08/2026 10:59:58
827,m7qoj,DISPONIBLE (1 source),—,available,23/08/2026 11:00:59
828,m7qos,INDÉTERMINÉ,—,—,23/08/2026 11:04:02
829,m7qow,DISPONIBLE (1 source),—,available,23/08/2026 11:05:02
830,m7quq,DISPONIBLE (1 source),—,available,23/08/2026 11:06:03
831,m7qux,DISPONIBLE (1 source),—,available,23/08/2026 11:07:04
832,m7quv,DISPONIBLE (1 source),—,available,23/08/2026 11:08:05
833,m7quz,DISPONIBLE (1 source),—,available,23/08/2026 11:09:05
834,m7quk,DISPONIBLE (1 source),—,available,23/08/2026 11:11:07
835,m7qur,PRIS,—,taken,23/08/2026 11:14:09
836,m7qut,DISPONIBLE (1 source),—,available,23/08/2026 11:15:10
837,m7qun,DISPONIBLE (1 source),—,available,23/08/2026 11:17:12
838,m7quh,DISPONIBLE (1 source),—,available,23/08/2026 11:20:15
839,m7quj,INDÉTERMINÉ,—,—,23/08/2026 11:23:17
840,m7qus,DISPONIBLE (1 source),—,available,23/08/2026 11:24:18
841,m7quw,DISPONIBLE (1 source),—,available,23/08/2026 11:27:21
842,m7qyq,INDÉTERMINÉ,—,—,23/08/2026 11:30:24
843,m7qyx,PRIS,—,taken,23/08/2026 11:32:26
844,m7qyv,INDÉTERMINÉ,—,—,23/08/2026 11:35:29
845,m7qyz,INDÉTERMINÉ,—,—,23/08/2026 11:38:32
846,m7qyk,DISPONIBLE (1 source),—,available,23/08/2026 11:40:33
847,m7qyr,DISPONIBLE (1 source),—,available,23/08/2026 11:42:35
848,m7qyt,DISPONIBLE (1 source),—,available,23/08/2026 11:44:37
849,m7qyn,DISPONIBLE (1 source),—,available,23/08/2026 11:47:40
850,m7qyh,DISPONIBLE (1 source),—,available,23/08/2026 11:48:41
851,m7qyj,DISPONIBLE (1 source),—,available,23/08/2026 11:51:43
852,m7qys,DISPONIBLE (1 source),—,available,23/08/2026 11:54:46
853,m7qyw,DISPONIBLE (1 source),—,available,23/08/2026 11:55:46
854,m7xiq,PRIS,—,taken,23/08/2026 11:56:47
855,m7xix,INDÉTERMINÉ,—,—,23/08/2026 11:59:50
856,m7xiv,INDÉTERMINÉ,—,—,23/08/2026 12:02:52
857,m7xiz,PRIS,—,taken,23/08/2026 12:04:54
858,m7xik,PRIS,—,taken,23/08/2026 12:06:56
859,m7xir,PRIS,—,taken,23/08/2026 12:08:58
860,m7xit,INDÉTERMINÉ,—,—,23/08/2026 12:12:01
861,m7xin,INDÉTERMINÉ,—,—,23/08/2026 12:15:04
862,m7xih,DISPONIBLE (1 source),—,available,23/08/2026 12:17:05
863,m7xij,PRIS,—,taken,23/08/2026 12:20:08
864,m7xis,PRIS,—,taken,23/08/2026 12:21:09
865,m7xiw,PRIS,—,taken,23/08/2026 12:22:10
866,m7xaq,INDÉTERMINÉ,—,—,23/08/2026 12:25:12
867,m7xax,INDÉTERMINÉ,—,—,23/08/2026 12:28:15
868,m7xav,DISPONIBLE (1 source),—,available,23/08/2026 12:30:17
869,m7xaz,PRIS,—,taken,23/08/2026 12:32:19
870,m7xak,INDÉTERMINÉ,—,—,23/08/2026 12:35:22
871,m7xar,INDÉTERMINÉ,—,—,23/08/2026 12:38:24
872,m7xat,DISPONIBLE (1 source),—,available,23/08/2026 12:39:25
873,m7xan,PRIS,—,taken,23/08/2026 12:40:26
874,m7xah,INDÉTERMINÉ,—,—,23/08/2026 12:43:29
875,m7xaj,PRIS,—,taken,23/08/2026 12:46:32
876,m7xas,PRIS,—,taken,23/08/2026 12:49:35
877,m7xaw,INDÉTERMINÉ,—,—,23/08/2026 12:52:38
878,m7xeq,PRIS,—,taken,23/08/2026 12:53:39
879,m7xex,INDÉTERMINÉ,—,—,23/08/2026 12:56:41
880,m7xev,PRIS,—,taken,23/08/2026 12:57:42
881,m7xez,PRIS,—,taken,23/08/2026 12:59:44
882,m7xek,PRIS,—,taken,23/08/2026 13:02:48
883,m7xer,INDÉTERMINÉ,—,—,23/08/2026 13:05:51
884,m7xet,INDÉTERMINÉ,—,—,23/08/2026 13:08:54
885,m7xen,INDÉTERMINÉ,—,—,23/08/2026 13:11:57
886,m7xeh,INDÉTERMINÉ,—,—,23/08/2026 13:15:00
887,m7xej,INDÉTERMINÉ,—,—,23/08/2026 13:18:03
888,m7xes,PRIS,—,taken,23/08/2026 13:20:05
889,m7xew,INDÉTERMINÉ,—,—,23/08/2026 13:23:08
890,m7xoq,PRIS,—,taken,23/08/2026 13:26:11
891,m7xox,INDÉTERMINÉ,—,—,23/08/2026 13:31:02
892,m7xov,PRIS,—,taken,23/08/2026 13:34:16
893,m7xoz,PRIS,—,taken,23/08/2026 13:39:07
894,m7xok,INDÉTERMINÉ,—,—,23/08/2026 13:43:58
895,m7xor,INDÉTERMINÉ,—,—,23/08/2026 13:48:48
896,m7xot,PRIS,—,taken,23/08/2026 13:53:39
897,m7xon,PRIS,—,taken,23/08/2026 13:55:16
898,m7xoh,INDÉTERMINÉ,—,—,23/08/2026 14:00:07
899,m7xoj,INDÉTERMINÉ,—,—,23/08/2026 14:04:58
900,m7xos,INDÉTERMINÉ,—,—,23/08/2026 14:09:50
901,m7xow,INDÉTERMINÉ,—,—,23/08/2026 14:14:41
902,m7xuq,PRIS,—,taken,23/08/2026 14:16:17
903,m7xux,PRIS,—,taken,23/08/2026 14:21:27
904,m7xuv,INDÉTERMINÉ,—,—,23/08/2026 14:29:10
905,m7xuz,INDÉTERMINÉ,—,—,23/08/2026 22:52:35
906,m7xuk,DISPONIBLE (1 source),—,available,23/08/2026 20:52:21
907,m7xur,INDÉTERMINÉ,—,—,23/08/2026 22:56:59
908,m7xut,PRIS,—,taken,23/08/2026 22:58:00
909,m7xun,PRIS,—,taken,23/08/2026 20:55:24
910,m7xuh,DISPONIBLE (1 source),—,available,23/08/2026 20:56:26
911,m7xuj,DISPONIBLE (1 source),—,available,23/08/2026 23:00:03
912,m7xus,INDÉTERMINÉ,—,—,23/08/2026 23:02:05
913,m7xuw,DISPONIBLE (1 source),—,available,23/08/2026 23:03:06
914,m7xyq,PRIS,—,taken,23/08/2026 21:00:31
915,m7xyx,DISPONIBLE (1 source),—,available,23/08/2026 21:01:32
916,m7xyv,DISPONIBLE (1 source),—,available,23/08/2026 21:02:33
917,m7xyz,PRIS,—,taken,23/08/2026 21:03:34
918,m7xyk,DISPONIBLE (1 source),—,available,23/08/2026 23:05:08
919,m7xyr,PRIS,—,taken,23/08/2026 21:05:37
920,m7xyt,PRIS,—,taken,23/08/2026 21:06:38
921,m7xyn,PRIS,—,taken,23/08/2026 23:06:09
922,m7xyh,INDÉTERMINÉ,—,—,23/08/2026 23:08:11
923,m7xyj,DISPONIBLE (1 source),—,available,23/08/2026 21:09:41
924,m7xys,PRIS,—,taken,23/08/2026 21:10:42
925,m7xyw,DISPONIBLE (1 source),—,available,23/08/2026 21:11:43
926,m7viq,DISPONIBLE (1 source),—,available,23/08/2026 21:12:44
927,m7vix,PRIS,—,taken,23/08/2026 21:13:45
928,m7viv,PRIS,—,taken,23/08/2026 23:09:12
929,m7viz,PRIS,—,taken,23/08/2026 21:15:47
930,m7vik,PRIS,—,taken,23/08/2026 23:11:14
931,m7vir,DISPONIBLE (1 source),—,available,23/08/2026 21:17:49
932,m7vit,PRIS,—,taken,23/08/2026 21:18:50
933,m7vin,DISPONIBLE (1 source),—,available,23/08/2026 21:19:51
934,m7vih,DISPONIBLE (1 source),—,available,23/08/2026 23:12:15
935,m7vij,DISPONIBLE (1 source),—,available,23/08/2026 21:21:54
936,m7vis,INDÉTERMINÉ,—,—,23/08/2026 23:14:17
937,m7viw,PRIS,—,taken,23/08/2026 23:15:18
938,m7vaq,PRIS,—,taken,23/08/2026 23:16:19
939,m7vax,DISPONIBLE (1 source),—,available,23/08/2026 23:17:21
940,m7vav,DISPONIBLE (1 source),—,available,23/08/2026 21:26:59
941,m7vaz,DISPONIBLE (1 source),—,available,23/08/2026 23:18:22
942,m7vak,INDÉTERMINÉ,—,—,23/08/2026 23:20:24
943,m7var,PRIS,—,taken,23/08/2026 23:21:26
944,m7vat,DISPONIBLE (1 source),—,available,23/08/2026 21:33:27
945,m7van,DISPONIBLE (1 source),—,available,23/08/2026 21:34:28
946,m7vah,PRIS,—,taken,23/08/2026 23:23:28
947,m7vaj,INDÉTERMINÉ,—,—,23/08/2026 23:25:30
948,m7vas,PRIS,—,taken,23/08/2026 21:37:31
949,m7vaw,PRIS,—,taken,23/08/2026 23:27:32
950,m7veq,DISPONIBLE (1 source),—,available,23/08/2026 23:28:33
951,m7vex,PRIS,—,taken,23/08/2026 21:40:35
952,m7vev,PRIS,—,taken,23/08/2026 21:41:36
953,m7vez,DISPONIBLE (1 source),—,available,23/08/2026 21:42:37
954,m7vek,DISPONIBLE (1 source),—,available,23/08/2026 21:43:38
955,m7ver,INDÉTERMINÉ,—,—,23/08/2026 23:30:35
956,m7vet,DISPONIBLE (1 source),—,available,23/08/2026 21:45:40
957,m7ven,PRIS,—,taken,23/08/2026 21:46:41
958,m7veh,INDÉTERMINÉ,—,—,23/08/2026 23:32:37
959,m7vej,DISPONIBLE (1 source),—,available,23/08/2026 21:48:43
960,m7ves,PRIS,—,taken,23/08/2026 21:49:44
961,m7vew,INDÉTERMINÉ,—,—,23/08/2026 23:36:58
962,m7voq,DISPONIBLE (1 source),—,available,23/08/2026 23:37:59
963,m7vox,PRIS,—,taken,23/08/2026 23:39:00
964,m7vov,DISPONIBLE (1 source),—,available,23/08/2026 21:53:49
965,m7voz,DISPONIBLE (1 source),—,available,23/08/2026 21:54:50
966,m7vok,PRIS,—,taken,23/08/2026 21:55:51
967,m7vor,PRIS,—,taken,23/08/2026 21:56:52
968,m7vot,DISPONIBLE (1 source),—,available,23/08/2026 21:57:53
969,m7von,DISPONIBLE (1 source),—,available,23/08/2026 21:58:54
970,m7voh,INDÉTERMINÉ,—,—,23/08/2026 23:41:02
971,m7voj,INDÉTERMINÉ,—,—,23/08/2026 23:43:04
972,m7vos,INDÉTERMINÉ,—,—,23/08/2026 23:45:08
973,m7vow,DISPONIBLE (1 source),—,available,23/08/2026 22:02:59
974,m7vuq,DISPONIBLE (1 source),—,available,23/08/2026 23:46:09
975,m7vux,PRIS,—,taken,23/08/2026 22:05:02
976,m7vuv,DISPONIBLE (1 source),—,available,23/08/2026 23:47:10
977,m7vuz,DISPONIBLE (1 source),—,available,23/08/2026 22:07:04
978,m7vuk,DISPONIBLE (1 source),—,available,23/08/2026 23:48:11
979,m7vur,DISPONIBLE (1 source),—,available,23/08/2026 22:09:06
980,m7vut,INDÉTERMINÉ,—,—,23/08/2026 23:50:12
981,m7vun,INDÉTERMINÉ,—,—,23/08/2026 23:52:15
982,m7vuh,DISPONIBLE (1 source),—,available,23/08/2026 22:14:57
983,m7vuj,DISPONIBLE (1 source),—,available,23/08/2026 22:15:59
984,m7vus,PRIS,—,taken,23/08/2026 22:16:59
985,m7vuw,DISPONIBLE (1 source),—,available,23/08/2026 22:18:01
986,m7vyq,PRIS,—,taken,23/08/2026 22:19:01
987,m7vyx,DISPONIBLE (1 source),—,available,23/08/2026 22:20:02
988,m7vyv,PRIS,—,taken,23/08/2026 22:21:03
989,m7vyz,PRIS,—,taken,23/08/2026 22:22:04
990,m7vyk,PRIS,—,taken,23/08/2026 22:23:05
991,m7vyr,DISPONIBLE (1 source),—,available,23/08/2026 22:24:06
992,m7vyt,PRIS,—,taken,23/08/2026 23:53:16
993,m7vyn,INDÉTERMINÉ,—,—,23/08/2026 23:56:30
994,m7vyh,DISPONIBLE (1 source),—,available,23/08/2026 22:27:09
995,m7vyj,INDÉTERMINÉ,—,—,23/08/2026 23:59:44
996,m7vys,DISPONIBLE (1 source),—,available,23/08/2026 22:29:11
997,m7vyw,DISPONIBLE (1 source),—,available,23/08/2026 22:30:12
998,m7ziq,DISPONIBLE (1 source),—,available,23/08/2026 22:31:13
999,m7zix,INDÉTERMINÉ,—,—,24/08/2026 00:02:59
1000,m7ziv,INDÉTERMINÉ,—,—,24/08/2026 00:06:13
